INSERT INTO PhongBan VALUES (1, 'Giám Đốc', '1');
INSERT INTO PhongBan VALUES (2, 'Vận Hành', 1);
INSERT INTO PhongBan VALUES (3, 'Nhân Sự', 1);
INSERT INTO PhongBan VALUES (4, 'IT', 1);
INSERT INTO PhongBan VALUES (5, 'Marketing', 1);
INSERT INTO PhongBan VALUES (6, 'Kho', 2);
INSERT INTO PhongBan VALUES (7, 'Bếp', 2);
INSERT INTO PhongBan VALUES (8, 'Phục Vụ', 2);
INSERT INTO PhongBan VALUES (9, 'System Admin', 5);

INSERT INTO NhanVien VALUES (1, 'Nguyễn Minh An', '1995-01-01', 10000, 'M', 901123456, '12A/H', 'Nguyễn Thái Sơn', 'Phường 1', 'Quận 1', 'TP Hồ Chí Minh', 1);
INSERT INTO NhanVien VALUES (2, 'Nguyễn Minh Khải', '2000-01-01', 20000, 'M', 901234567, '12A/1', 'Nguyễn Thái Sơn', 'Phường 1', 'Quận 1', 'TP Hồ Chí Minh', 1);
INSERT INTO NhanVien VALUES (3, 'Nguyễn Thị Hằng Nga', '2000-02-20', 30000, 'F', 923456783, 340, 'Trần Quốc Toản', 'Phường 22', 'Quận 1', 'TP Hồ Chí Minh', 1);
INSERT INTO NhanVien VALUES (4, 'Nguyễn Huy Hùng', '2000-03-03', 40000, 'M', 945567891, '60B/1', 'Trần Đình Xu', 'Phường 15', 'Quận Bình Chánh', 'TP Hồ Chí Minh', 1);
INSERT INTO NhanVien VALUES (5, 'Lê Thị Thanh', '2000-03-25', 50000, 'F', 978901234, '5B', 'Đường số 3', 'Phường 12', 'Quận Tân Bình', 'TP Hồ Chí Minh', 1);
INSERT INTO NhanVien VALUES (6, 'Nguyễn Ngọc Nguyên', '2000-05-05', 60000, 'F', 980901235, '130D/H', 'Nguyễn Văn Cừ', 'Phường 7', 'Quận 7', 'TP Hồ Chí Minh', 1);
INSERT INTO NhanVien VALUES (7, 'Lê Văn Tài', '2000-05-05', 70000, 'M', 912345670, 130, 'Đường số 7', 'Phường 22', 'Quận 2', 'TP Hồ Chí Minh', 1);
INSERT INTO NhanVien VALUES (8, 'Nguyễn Hải Nam', '2000-05-15', 80000, 'M', 901234567, '12A', 'Hồ Tùng Mậu', 'Phường 4', 'Quận Gò Vấp', 'TP Hồ Chí Minh', 1);
INSERT INTO NhanVien VALUES (9, 'Nguyễn Minh Hòa', '2000-07-07', 90000, 'M', 924345679, '200B/H', 'Trần Quốc Thảo', 'Phường 21', 'Quận 21', 'TP Hồ Chí Minh', 1);
INSERT INTO NhanVien VALUES (10, 'Trần Thị Bảo', '2000-07-15', 100000, 'F', 956789015, 270, 'Hồ Văn Long', 'Phường 12', 'Quận 7', 'TP Hồ Chí Minh', 2);
INSERT INTO NhanVien VALUES (11, 'Lê Hồng Phương', '2000-08-08', 110000, 'F', 977890123, '25C/2', 'Nguyễn Thị Minh Khai', 'Phường 8', 'Quận 8', 'TP Hồ Chí Minh', 2);
INSERT INTO NhanVien VALUES (12, 'Nguyễn Minh Tài', '2000-10-10', 120000, 'M', 913234568, '95A', 'Đường số 3', 'Phường 22', 'Quận 22', 'TP Hồ Chí Minh', 2);
INSERT INTO NhanVien VALUES (13, 'Nguyễn Văn Tâm', '2000-10-30', 130000, 'M', 945678902, 60, 'Nguyễn Thái Bình', 'Phường 17', 'Quận 1', 'TP Hồ Chí Minh', 2);
INSERT INTO NhanVien VALUES (14, 'Phạm Quốc Huy', '2000-12-10', 140000, 'M', 989012347, 200, 'Trần Bình Trọng', 'Phường 5', 'Quận 8', 'TP Hồ Chí Minh', 2);
INSERT INTO NhanVien VALUES (15, 'Trần Minh Duy', '2000-12-12', 150000, 'M', 957678902, '165C/1', 'Cách Mạng Tháng Tám', 'Phường 14', 'Quận Bình 
Tân', 'TP Hồ Chí Minh', 2);
INSERT INTO NhanVien VALUES (16, 'Lê Hòa Bình', '2001-01-01', 160000, 'F', 968789013, '170D', 'Hồ Xuân Hương', 'Phường 15', 'Quận Bình Chánh', 'TP Hồ Chí Minh', 2);
INSERT INTO NhanVien VALUES (17, 'Nguyễn Văn Phương', '2001-01-15', 170000, 'M', 990123458, 210, 'Hòa Bình', 'Phường 6', 'Quận 10', 'TP Hồ Chí Minh', 2);
INSERT INTO NhanVien VALUES (18, 'Trần Kim Mai', '2001-02-02', 180000, 'F', 911234567, '45B/1', 'Đinh Bộ Lĩnh', 'Phường 2', 'Quận 2', 'TP Hồ Chí Minh', 2);
INSERT INTO NhanVien VALUES (19, 'Trần Hoàng Mai', '2001-02-02', 190000, 'F', 912345678, '45B', 'Đinh Bộ Lĩnh', 'Phường 2', 'Quận 2', 'TP Hồ Chí Minh', 2);
INSERT INTO NhanVien VALUES (20, 'Phạm Quốc Hòa', '2001-03-25', 200000, 'M', 934567894, 350, 'Nguyễn Thái Bình', 'Phường 8', 'Quận 3', 'TP Hồ Chí Minh', 2);
INSERT INTO NhanVien VALUES (21, 'Trần Thị Yến', '2001-04-04', 210000, 'F', 956678902, '65C', 'Đinh Tiên Hoàng', 'Phường 16', 'Quận Bình Chánh', 'TP Hồ Chí Minh', 2);
INSERT INTO NhanVien VALUES (22, 'Trần Kim Yến', '2001-04-04', 220000, 'F', 956789013, '65C', 'Đinh Tiên Hoàng', 'Phường 16', 'Quận Bình Chánh', 'TP Hồ Chí Minh', 2);
INSERT INTO NhanVien VALUES (23, 'Phạm Văn Hùng', '2001-04-30', 230000, 'M', 989012345, 20, 'Lê Thị Riêng', 'Phường 14', 'Quận 1', 'TP Hồ Chí Minh', 2);
INSERT INTO NhanVien VALUES (24, 'Phạm Quốc Duy', '2001-06-06', 240000, 'M', 991012346, '135A/1', 'Đinh Tiên Hoàng', 'Phường 8', 'Quận 8', 'TP Hồ Chí Minh', 2);
INSERT INTO NhanVien VALUES (25, 'Nguyễn Thị Kiều', '2001-06-10', 250000, 'F', 923456781, 140, 'Lê Trọng Tấn', 'Phường 3', 'Quận Tân Phú', 'TP Hồ Chí Minh', 2);
INSERT INTO NhanVien VALUES (26, 'Trần Ngọc Phương', '2001-08-08', 260000, 'F', 935456780, '205C', 'Đường số 4', 'Phường 22', 'Quận 22', 'TP Hồ Chí Minh', 3);
INSERT INTO NhanVien VALUES (27, 'Lê Văn Khoa', '2001-08-20', 270000, 'M', 967890126, 280, 'Nguyễn Hoàng', 'Phường 13', 'Quận 8', 'TP Hồ Chí Minh', 3);
INSERT INTO NhanVien VALUES (28, 'Trần Minh Châu', '2001-08-22', 280000, 'F', 912345678, '45B', 'Nguyễn Thái Sơn', 'Phường 5', 'Quận Gò Vấp', 'TP Hồ Chí Minh', 3);
INSERT INTO NhanVien VALUES (29, 'Phạm Minh Tuấn', '2001-09-09', 290000, 'M', 988901234, '30D', 'Hồ Tùng Mậu', 'Phường 9', 'Quận 9', 'TP Hồ Chí Minh', 3);
INSERT INTO NhanVien VALUES (30, 'Trần Thị Bích', '2001-11-05', 300000, 'F', 956789013, 70, 'Nam Kỳ Khởi Nghĩa', 'Phường 6', 'Quận 3', 'TP Hồ Chí Minh', 3);
INSERT INTO NhanVien VALUES (31, 'Trần Minh Vân', '2001-11-11', 310000, 'F', 923456789, '100B/H', 'Nguyễn Thái Bình', 'Phường 1', 'Quận 1', 'TP Hồ Chí Minh', 3);
INSERT INTO NhanVien VALUES (32, 'Nguyễn Quốc Thắng', '2002-02-02', 320000, 'M', 979890124, '175A', 'Trần Bình Trọng', 'Phường 16', 'Quận Bình Chánh', 'TP Hồ Chí Minh', 3);
INSERT INTO NhanVien VALUES (33, 'Trần Thị Ngọc', '2002-02-20', 330000, 'F', 901234570, 220, 'Đại Lộ Bình Dương', 'Phường 7', 'Quận 2', 'TP Hồ Chí Minh', 3);
INSERT INTO NhanVien VALUES (34, 'Lê Quốc Cường', '2002-03-03', 340000, 'M', 922345678, '78C', 'Nguyễn Văn Cừ', 'Phường 3', 'Quận 3', 'TP Hồ Chí Minh', 3);
INSERT INTO NhanVien VALUES (35, 'Lê Hải Cường', '2002-03-03', 350000, 'M', 923456789, '78C/2', 'Nguyễn Văn Cừ', 'Phường 3', 'Quận 3', 'TP Hồ Chí Minh', 3);
INSERT INTO NhanVien VALUES (36, 'Lê Quốc Bảo', '2002-03-10', 360000, 'M', 923456789, 78, 'Lê Văn Sĩ', 'Phường 13', 'Quận Tân Bình', 'TP Hồ Chí Minh', 3);
INSERT INTO NhanVien VALUES (37, 'Nguyễn Văn Tài', '2002-04-30', 370000, 'M', 945678905, 360, 'Hồ Xuân Hương', 'Phường 9', 'Quận 5', 'TP Hồ Chí Minh', 3);
INSERT INTO NhanVien VALUES (38, 'Lê Quốc Tùng', '2002-05-05', 380000, 'M', 967789013, '70D', 'Nguyễn Hữu Cảnh', 'Phường 17', 'Quận Bình Chánh', 'TP Hồ Chí Minh', 3);
INSERT INTO NhanVien VALUES (39, 'Nguyễn Minh Tuấn', '2002-05-05', 390000, 'M', 990123456, '15A', 'Nguyễn Văn Cừ', 'Phường 1', 'Quận 5', 'TP Hồ Chí Minh', 3);
INSERT INTO NhanVien VALUES (40, 'Nguyễn Minh Khương', '2002-07-07', 400000, 'M', 902123457, '140B', 'Trần Hưng Đạo', 'Phường 9', 'Quận 9', 'TP Hồ Chí Minh', 4);
INSERT INTO NhanVien VALUES (41, 'Phạm Quốc Cường', '2002-07-15', 410000, 'M', 934567892, 150, 'Hoàng Văn Thụ', 'Phường 17', 'Quận Tân Bình', 'TP Hồ Chí Minh', 4);
INSERT INTO NhanVien VALUES (42, 'Lê Kim Khánh', '2002-09-09', 420000, 'M', 946567891, '210D/H', 'Trần Đình Xu', 'Phường 1', 'Quận 1', 'TP Hồ Chí Minh', 4);
INSERT INTO NhanVien VALUES (43, 'Nguyễn Thị Thảo', '2002-09-25', 430000, 'F', 978901237, 290, 'Lê Thị Huyền', 'Phường 6', 'Quận 1', 'TP Hồ Chí Minh', 4);
INSERT INTO NhanVien VALUES (44, 'Nguyễn Quốc Khoa', '2002-10-10', 440000, 'M', 999012345, '35A', 'Trần Quốc Thảo', 'Phường 10', 'Quận 10', 'TP Hồ Chí Minh', 4);
INSERT INTO NhanVien VALUES (45, 'Lê Quốc Khánh', '2002-12-10', 450000, 'M', 967890124, 80, 'Lê Lai', 'Phường 14', 'Quận 1', 'TP Hồ Chí Minh', 4);
INSERT INTO NhanVien VALUES (46, 'Phạm Thanh Tùng', '2003-01-01', 460000, 'M', 946567891, '110D', 'Nguyễn Thị Minh Khai', 'Phường 3', 'Quận 3', 'TP Hồ Chí Minh', 4);
INSERT INTO NhanVien VALUES (47, 'Nguyễn Thị Hương', '2003-01-15', 470000, 'F', 978901235, 90, 'Hồ Hảo Hớn', 'Phường 6', 'Quận 1', 'TP Hồ Chí Minh', 4);
INSERT INTO NhanVien VALUES (48, 'Phạm Kim Minh', '2003-03-03', 480000, 'M', 980901235, '180B/1', 'Lê Thị Huyền', 'Phường 17', 'Quận Bình Chánh', 'TP Hồ Chí Minh', 4);
INSERT INTO NhanVien VALUES (49, 'Lê Quốc Huy', '2003-03-25', 490000, 'M', 912345671, 230, 'Trần Quốc Toản', 'Phường 8', 'Quận 3', 'TP Hồ Chí Minh', 5);
INSERT INTO NhanVien VALUES (50, 'Phạm Thanh Hương', '2003-04-04', 500000, 'F', 933456789, '101/2', 'Cách Mạng Tháng Tám', 'Phường 4', 'Quận 4', 'TP Hồ Chí Minh', 5);
INSERT INTO NhanVien VALUES (51, 'Phạm Xuân Hương', '2003-04-04', 510000, 'F', 934567890, '101/3', 'Cách Mạng Tháng Tám', 'Phường 4', 'Quận 4', 'TP Hồ Chí Minh', 5);
INSERT INTO NhanVien VALUES (52, 'Trần Thị Thảo Nguyên', '2003-05-05', 520000, 'F', 956789016, 370, 'Nguyễn Văn Tạo', 'Phường 9', 'Quận 5', 'TP Hồ Chí Minh', 5);
INSERT INTO NhanVien VALUES (53, 'Phạm Minh Khôi', '2003-06-06', 530000, 'M', 978890124, '75A/H', 'Nguyễn Văn Cừ', 'Phường 18', 'Quận Bình Chánh', 'TP Hồ Chí Minh', 5);
INSERT INTO NhanVien VALUES (54, 'Trần Thị Vân', '2003-06-10', 540000, 'F', 901234568, 30, 'Cách Mạng Tháng Tám', 'Phường 8', 'Quận 3', 'TP Hồ Chí Minh', 5);
INSERT INTO NhanVien VALUES (55, 'Trần Kim Hồng', '2003-08-08', 550000, 'F', 913234568, '145C/2', 'Nguyễn Thái Sơn', 'Phường 10', 'Quận 10', 'TP Hồ Chí Minh', 5);
INSERT INTO NhanVien VALUES (56, 'Phạm Quốc Khánh', '2003-10-10', 560000, 'M', 957678902, '215A', 'Đinh Bộ Lĩnh', 'Phường 2', 'Quận 2', 'TP Hồ Chí Minh', 5);
INSERT INTO NhanVien VALUES (57, 'Phạm Văn Đạt', '2003-10-30', 570000, 'M', 989012348, 300, 'Đường số 11', 'Phường 10', 'Quận 4', 'TP Hồ Chí Minh', 5);
INSERT INTO NhanVien VALUES (58, 'Trần Kim Huyền', '2003-11-11', 580000, 'F', 901123457, '40B', 'Nguyễn Văn Tạo', 'Phường 11', 'Quận 11', 'TP Hồ Chí Minh', 5);
INSERT INTO NhanVien VALUES (59, 'Phạm Kim Liên', '2003-12-30', 590000, 'F', 934567890, '101/3', 'Cộng Hòa', 'Phường 12', 'Quận Tân Bình', 'TP Hồ Chí Minh', 5);
INSERT INTO NhanVien VALUES (60, 'Nguyễn Ngọc Hạnh', '2004-02-02', 600000, 'F', 957678902, '115A', 'Trần Quốc Thảo', 'Phường 4', 'Quận 4', 'TP Hồ Chí Minh', 6);
INSERT INTO NhanVien VALUES (61, 'Phạm Văn Phúc', '2004-02-20', 610000, 'M', 989012346, 100, 'Nguyễn Trãi', 'Phường 11', 'Quận 5', 'TP Hồ Chí Minh', 6);
INSERT INTO NhanVien VALUES (62, 'Nguyễn Thị Tuyết', '2004-04-04', 620000, 'F', 991012346, '185C', 'Đinh Tiên Hoàng', 'Phường 18', 'Quận Bình Chánh', 'TP Hồ Chí Minh', 6);
INSERT INTO NhanVien VALUES (63, 'Nguyễn Trung Lan', '2004-05-05', 630000, 'F', 945678901, '3D', 'Đường số 5', 'Phường 5', 'Quận 5', 'TP Hồ Chí Minh', 6);
INSERT INTO NhanVien VALUES (64, 'Lê Quốc Sỹ', '2004-06-10', 640000, 'M', 967890127, 380, 'Lê Văn Sĩ', 'Phường 11', 'Quận 7', 'TP Hồ Chí Minh', 6);
INSERT INTO NhanVien VALUES (65, 'Nguyễn Thị Bích', '2004-07-07', 650000, 'F', 989901235, '80B', 'Trần Hưng Đạo', 'Phường 19', 'Quận Bình Chánh', 'TP Hồ Chí Minh', 6);
INSERT INTO NhanVien VALUES (66, 'Lê Văn Hòa', '2004-07-15', 660000, 'M', 912345679, 25, 'Nguyễn Thị Minh Khai', 'Phường 9', 'Quận 3', 'TP Hồ Chí Minh', 7);
INSERT INTO NhanVien VALUES (67, 'Nguyễn Thị Hằng', '2004-07-25', 670000, 'F', 945678901, '3C', 'Đinh Bộ Lĩnh', 'Phường 26', 'Quận Bình Thạnh', 'TP Hồ Chí Minh', 7);
INSERT INTO NhanVien VALUES (68, 'Lê Quốc Minh', '2004-09-09', 680000, 'M', 924345679, '150D', 'Hồ Tùng Mậu', 'Phường 11', 'Quận 11', 'TP Hồ Chí Minh', 7);
INSERT INTO NhanVien VALUES (69, 'Trần Thị Kim', '2004-09-25', 690000, 'F', 956789014, 170, 'Nguyễn Văn Quá', 'Phường 6', 'Quận 3', 'TP Hồ Chí Minh', 7);
INSERT INTO NhanVien VALUES (70, 'Nguyễn Văn Quang', '2004-11-05', 700000, 'M', 990123459, 310, 'Bến Nghé', 'Phường 9', 'Quận 5', 'TP Hồ Chí Minh', 7);
INSERT INTO NhanVien VALUES (71, 'Nguyễn Ngọc Lan', '2004-11-11', 710000, 'F', 968789013, '220B', 'Nguyễn Thái Sơn', 'Phường 3', 'Quận 3', 'TP Hồ Chí Minh', 7);
INSERT INTO NhanVien VALUES (72, 'Lê Quốc Thành', '2004-12-12', 720000, 'M', 912234568, '45C/3', 'Lê Văn Sỹ', 'Phường 12', 'Quận 12', 'TP Hồ Chí Minh', 7);
INSERT INTO NhanVien VALUES (73, 'Nguyễn Ngọc Thảo', '2005-01-01', 730000, 'F', 923345679, '50D/H', 'Nguyễn Thái Sơn', 'Phường 13', 'Quận Bình 
Tân', 'TP Hồ Chí Minh', 7);
INSERT INTO NhanVien VALUES (74, 'Nguyễn Vĩnh An', '2005-01-15', 740000, 'M', 956789012, 1, 'Trần Não', 'Phường 13', 'Quận 2', 'TP Hồ Chí Minh', 7);
INSERT INTO NhanVien VALUES (75, 'Trần Quốc Duy', '2005-03-03', 750000, 'M', 968789013, '120B/H', 'Lê Văn Sỹ', 'Phường 5', 'Quận 5', 'TP Hồ Chí Minh', 8);
INSERT INTO NhanVien VALUES (76, 'Trần Quốc Huy', '2005-03-03', 760000, 'M', 967890123, '120B/H', 'Lê Văn Sỹ', 'Phường 5', 'Quận 5', 'TP Hồ Chí Minh', 8);
INSERT INTO NhanVien VALUES (77, 'Nguyễn Văn Bình', '2005-03-25', 770000, 'M', 990123457, 110, 'Trần Đình Xu', 'Phường 20', 'Quận 3', 'TP Hồ Chí Minh', 8);
INSERT INTO NhanVien VALUES (78, 'Phạm Văn Lộc', '2005-05-05', 780000, 'M', 934567893, 250, 'Lê Văn Sỹ', 'Phường 10', 'Quận 5', 'TP Hồ Chí Minh', 8);
INSERT INTO NhanVien VALUES (79, 'Trần Minh An', '2005-05-05', 790000, 'M', 902123457, '190D/H', 'Nguyễn Thái Bình', 'Phường 19', 'Quận Bình Chánh', 'TP Hồ Chí Minh', 8);
INSERT INTO NhanVien VALUES (80, 'Nguyễn Minh Bảo', '2005-06-06', 800000, 'M', 955678901, '15B', 'Đinh Tiên Hoàng', 'Phường 6', 'Quận 6', 'TP Hồ Chí Minh', 8);
INSERT INTO NhanVien VALUES (81, 'Nguyễn Thị Huyền', '2005-07-15', 810000, 'F', 978901238, 390, 'Đường số 1', 'Phường 12', 'Quận 8', 'TP Hồ Chí Minh', 8);
INSERT INTO NhanVien VALUES (82, 'Nguyễn Thị Ngọc', '2005-08-20', 820000, 'F', 923456780, 40, 'Đinh Tiên Hoàng', 'Phường 5', 'Quận Bình Thạnh', 'TP Hồ Chí Minh', 8);
INSERT INTO NhanVien VALUES (83, 'Phạm Minh Sơn', '2005-10-10', 830000, 'M', 935456780, '155A', 'Nguyễn Văn Tạo', 'Phường 12', 'Quận 12', 'TP Hồ Chí Minh', 8);
INSERT INTO NhanVien VALUES (84, 'Lê Văn Dũng', '2005-10-30', 840000, 'M', 967890125, 180, 'Nguyễn Văn Tạo', 'Phường 6', 'Quận 3', 'TP Hồ Chí Minh', 8);
INSERT INTO NhanVien VALUES (85, 'Trần Thị Lệ', '2005-12-10', 850000, 'F', 901234571, 320, 'Đường số 11', 'Phường 10', 'Quận 4', 'TP Hồ Chí Minh', 8);
INSERT INTO NhanVien VALUES (86, 'Trần Quốc Khánh', '2005-12-12', 860000, 'M', 979890124, '225C/1', 'Trần Hưng Đạo', 'Phường 4', 'Quận 4', 'TP Hồ Chí Minh', 8);
INSERT INTO NhanVien VALUES (87, 'Nguyễn Minh Hùng', '2006-01-01', 870000, 'M', 980901235, '230D', 'Hồ Tùng Mậu', 'Phường 5', 'Quận 5', 'TP Hồ Chí Minh', 8);
INSERT INTO NhanVien VALUES (88, 'Lê Văn Duy', '2006-01-15', 880000, 'M', 912345672, 330, 'Đường số 12', 'Phường 21', 'Quận 2', 'TP Hồ Chí Minh', 8);
INSERT INTO NhanVien VALUES (89, 'Phạm Minh Hải', '2006-02-02', 890000, 'M', 934456780, '55A', 'Đường số 8', 'Phường 14', 'Quận Bình 
Tân', 'TP Hồ Chí Minh', 8);
INSERT INTO NhanVien VALUES (90, 'Lê Kim Tâm', '2006-04-04', 900000, 'M', 979890124, '125C', 'Đường số 6', 'Phường 6', 'Quận 6', 'TP Hồ Chí Minh', 8);
INSERT INTO NhanVien VALUES (91, 'Trần Thị Tuyết', '2006-04-30', 910000, 'F', 901234569, 120, 'Nguyễn Thị Nghĩa', 'Phường 21', 'Quận 4', 'TP Hồ Chí Minh', 8);
INSERT INTO NhanVien VALUES (92, 'Nguyễn Minh Thanh', '2006-06-10', 920000, 'M', 945678904, 260, 'Bùi Văn Ba', 'Phường 11', 'Quận 6', 'TP Hồ Chí Minh', 8);
INSERT INTO NhanVien VALUES (93, 'Trần Quốc Đạt', '2006-07-07', 930000, 'M', 966789012, '20A/H', 'Nguyễn Thái Bình', 'Phường 7', 'Quận 7', 'TP Hồ Chí Minh', 8);
INSERT INTO NhanVien VALUES (94, 'Phạm Văn Thắng', '2006-08-20', 940000, 'M', 989012349, 400, 'Đường số 2', 'Phường 13', 'Quận 9', 'TP Hồ Chí Minh', 8);
INSERT INTO NhanVien VALUES (95, 'Lê Hương Giang', '2006-09-09', 950000, 'F', 902123457, '90D/H', 'Cách Mạng Tháng Tám', 'Phường 21', 'Quận 21', 'TP Hồ Chí Minh', 9);
INSERT INTO NhanVien VALUES (96, 'Phạm Minh Đức', '2006-09-25', 960000, 'M', 934567891, 50, 'Trần Hưng Đạo', 'Phường 2', 'Quận 1', 'TP Hồ Chí Minh', 9);
INSERT INTO NhanVien VALUES (97, 'Nguyễn Thị Như', '2006-11-05', 970000, 'F', 978901236, 190, 'Lê Văn Khương', 'Phường 4', 'Quận 12', 'TP Hồ Chí Minh', 9);
INSERT INTO NhanVien VALUES (98, 'Nguyễn Ngọc Kiều', '2006-11-11', 980000, 'F', 946567891, '160B', 'Hồ Tùng Mậu', 'Phường 13', 'Quận Bình 
Tân', 'TP Hồ Chí Minh', 9);


INSERT INTO NhanVienBanThoiGian VALUES (75, 50000);
INSERT INTO NhanVienBanThoiGian VALUES (76, 50000);
INSERT INTO NhanVienBanThoiGian VALUES (77, 50000);
INSERT INTO NhanVienBanThoiGian VALUES (78, 50000);
INSERT INTO NhanVienBanThoiGian VALUES (79, 50000);
INSERT INTO NhanVienBanThoiGian VALUES (80, 50000);
INSERT INTO NhanVienBanThoiGian VALUES (81, 50000);
INSERT INTO NhanVienBanThoiGian VALUES (82, 50000);
INSERT INTO NhanVienBanThoiGian VALUES (83, 50000);
INSERT INTO NhanVienBanThoiGian VALUES (84, 50000);
INSERT INTO NhanVienBanThoiGian VALUES (85, 50000);
INSERT INTO NhanVienBanThoiGian VALUES (86, 50000);
INSERT INTO NhanVienBanThoiGian VALUES (87, 50000);
INSERT INTO NhanVienBanThoiGian VALUES (88, 50000);
INSERT INTO NhanVienBanThoiGian VALUES (89, 50000);
INSERT INTO NhanVienBanThoiGian VALUES (90, 50000);
INSERT INTO NhanVienBanThoiGian VALUES (91, 50000);
INSERT INTO NhanVienBanThoiGian VALUES (92, 50000);
INSERT INTO NhanVienBanThoiGian VALUES (93, 50000);
INSERT INTO NhanVienBanThoiGian VALUES (94, 50000);

INSERT INTO NhanVienToanThoiGian VALUES (1, 49000000);
INSERT INTO NhanVienToanThoiGian VALUES (2, 49000000);
INSERT INTO NhanVienToanThoiGian VALUES (3, 48000000);
INSERT INTO NhanVienToanThoiGian VALUES (4, 48000000);
INSERT INTO NhanVienToanThoiGian VALUES (5, 47000000);
INSERT INTO NhanVienToanThoiGian VALUES (6, 47000000);
INSERT INTO NhanVienToanThoiGian VALUES (7, 46000000);
INSERT INTO NhanVienToanThoiGian VALUES (8, 46000000);
INSERT INTO NhanVienToanThoiGian VALUES (9, 45000000);
INSERT INTO NhanVienToanThoiGian VALUES (10, 45000000);
INSERT INTO NhanVienToanThoiGian VALUES (11, 44000000);
INSERT INTO NhanVienToanThoiGian VALUES (12, 44000000);
INSERT INTO NhanVienToanThoiGian VALUES (13, 43000000);
INSERT INTO NhanVienToanThoiGian VALUES (14, 43000000);
INSERT INTO NhanVienToanThoiGian VALUES (15, 42000000);
INSERT INTO NhanVienToanThoiGian VALUES (16, 42000000);
INSERT INTO NhanVienToanThoiGian VALUES (17, 41000000);
INSERT INTO NhanVienToanThoiGian VALUES (18, 41000000);
INSERT INTO NhanVienToanThoiGian VALUES (19, 40000000);
INSERT INTO NhanVienToanThoiGian VALUES (20, 40000000);
INSERT INTO NhanVienToanThoiGian VALUES (21, 39000000);
INSERT INTO NhanVienToanThoiGian VALUES (22, 39000000);
INSERT INTO NhanVienToanThoiGian VALUES (23, 38000000);
INSERT INTO NhanVienToanThoiGian VALUES (24, 38000000);
INSERT INTO NhanVienToanThoiGian VALUES (25, 37000000);
INSERT INTO NhanVienToanThoiGian VALUES (26, 37000000);
INSERT INTO NhanVienToanThoiGian VALUES (27, 37000000);
INSERT INTO NhanVienToanThoiGian VALUES (28, 36000000);
INSERT INTO NhanVienToanThoiGian VALUES (29, 36000000);
INSERT INTO NhanVienToanThoiGian VALUES (30, 36000000);
INSERT INTO NhanVienToanThoiGian VALUES (31, 35000000);
INSERT INTO NhanVienToanThoiGian VALUES (32, 35000000);
INSERT INTO NhanVienToanThoiGian VALUES (33, 35000000);
INSERT INTO NhanVienToanThoiGian VALUES (34, 34000000);
INSERT INTO NhanVienToanThoiGian VALUES (35, 34000000);
INSERT INTO NhanVienToanThoiGian VALUES (36, 34000000);
INSERT INTO NhanVienToanThoiGian VALUES (37, 33000000);
INSERT INTO NhanVienToanThoiGian VALUES (38, 33000000);
INSERT INTO NhanVienToanThoiGian VALUES (39, 33000000);
INSERT INTO NhanVienToanThoiGian VALUES (40, 32000000);
INSERT INTO NhanVienToanThoiGian VALUES (41, 32000000);
INSERT INTO NhanVienToanThoiGian VALUES (42, 32000000);
INSERT INTO NhanVienToanThoiGian VALUES (43, 31000000);
INSERT INTO NhanVienToanThoiGian VALUES (44, 31000000);
INSERT INTO NhanVienToanThoiGian VALUES (45, 31000000);
INSERT INTO NhanVienToanThoiGian VALUES (46, 30000000);
INSERT INTO NhanVienToanThoiGian VALUES (47, 30000000);
INSERT INTO NhanVienToanThoiGian VALUES (48, 30000000);
INSERT INTO NhanVienToanThoiGian VALUES (49, 29000000);
INSERT INTO NhanVienToanThoiGian VALUES (50, 29000000);
INSERT INTO NhanVienToanThoiGian VALUES (51, 29000000);
INSERT INTO NhanVienToanThoiGian VALUES (52, 28000000);
INSERT INTO NhanVienToanThoiGian VALUES (53, 28000000);
INSERT INTO NhanVienToanThoiGian VALUES (54, 28000000);
INSERT INTO NhanVienToanThoiGian VALUES (55, 27000000);
INSERT INTO NhanVienToanThoiGian VALUES (56, 27000000);
INSERT INTO NhanVienToanThoiGian VALUES (57, 27000000);
INSERT INTO NhanVienToanThoiGian VALUES (58, 26000000);
INSERT INTO NhanVienToanThoiGian VALUES (59, 26000000);
INSERT INTO NhanVienToanThoiGian VALUES (60, 26000000);
INSERT INTO NhanVienToanThoiGian VALUES (61, 25000000);
INSERT INTO NhanVienToanThoiGian VALUES (62, 25000000);
INSERT INTO NhanVienToanThoiGian VALUES (63, 25000000);
INSERT INTO NhanVienToanThoiGian VALUES (64, 24000000);
INSERT INTO NhanVienToanThoiGian VALUES (65, 24000000);
INSERT INTO NhanVienToanThoiGian VALUES (66, 24000000);
INSERT INTO NhanVienToanThoiGian VALUES (67, 23000000);
INSERT INTO NhanVienToanThoiGian VALUES (68, 23000000);
INSERT INTO NhanVienToanThoiGian VALUES (69, 23000000);
INSERT INTO NhanVienToanThoiGian VALUES (70, 22000000);
INSERT INTO NhanVienToanThoiGian VALUES (71, 22000000);
INSERT INTO NhanVienToanThoiGian VALUES (72, 22000000);
INSERT INTO NhanVienToanThoiGian VALUES (73, 21000000);
INSERT INTO NhanVienToanThoiGian VALUES (74, 21000000);
INSERT INTO NhanVienToanThoiGian VALUES (95, 21000000);
INSERT INTO NhanVienToanThoiGian VALUES (96, 20000000);
INSERT INTO NhanVienToanThoiGian VALUES (97, 20000000);
INSERT INTO NhanVienToanThoiGian VALUES (98, 20000000);

INSERT INTO CaLam VALUES (1, 2025, 1, 1, 'sang');
INSERT INTO CaLam VALUES (2, 2025, 1, 1, 'trua');
INSERT INTO CaLam VALUES (3, 2025, 1, 1, 'toi');
INSERT INTO CaLam VALUES (4, 2025, 1, 2, 'sang');
INSERT INTO CaLam VALUES (5, 2025, 1, 2, 'trua');
INSERT INTO CaLam VALUES (6, 2025, 1, 2, 'toi');
INSERT INTO CaLam VALUES (7, 2025, 1, 3, 'sang');
INSERT INTO CaLam VALUES (8, 2025, 1, 3, 'trua');
INSERT INTO CaLam VALUES (9, 2025, 1, 3, 'toi');
INSERT INTO CaLam VALUES (10, 2025, 1, 4, 'sang');
INSERT INTO CaLam VALUES (11, 2025, 1, 4, 'trua');
INSERT INTO CaLam VALUES (12, 2025, 1, 4, 'toi');
INSERT INTO CaLam VALUES (13, 2025, 1, 5, 'sang');
INSERT INTO CaLam VALUES (14, 2025, 1, 5, 'trua');
INSERT INTO CaLam VALUES (15, 2025, 1, 5, 'toi');
INSERT INTO CaLam VALUES (16, 2025, 1, 6, 'sang');
INSERT INTO CaLam VALUES (17, 2025, 1, 6, 'trua');
INSERT INTO CaLam VALUES (18, 2025, 1, 6, 'toi');
INSERT INTO CaLam VALUES (19, 2025, 1, 7, 'sang');
INSERT INTO CaLam VALUES (20, 2025, 1, 7, 'trua');
INSERT INTO CaLam VALUES (21, 2025, 1, 7, 'toi');
INSERT INTO CaLam VALUES (22, 2025, 2, 1, 'sang');
INSERT INTO CaLam VALUES (23, 2025, 2, 1, 'trua');
INSERT INTO CaLam VALUES (24, 2025, 2, 1, 'toi');
INSERT INTO CaLam VALUES (25, 2025, 2, 2, 'sang');
INSERT INTO CaLam VALUES (26, 2025, 2, 2, 'trua');
INSERT INTO CaLam VALUES (27, 2025, 2, 2, 'toi');
INSERT INTO CaLam VALUES (28, 2025, 2, 3, 'sang');
INSERT INTO CaLam VALUES (29, 2025, 2, 3, 'trua');
INSERT INTO CaLam VALUES (30, 2025, 2, 3, 'toi');
INSERT INTO CaLam VALUES (31, 2025, 2, 4, 'sang');
INSERT INTO CaLam VALUES (32, 2025, 2, 4, 'trua');
INSERT INTO CaLam VALUES (33, 2025, 2, 4, 'toi');
INSERT INTO CaLam VALUES (34, 2025, 2, 5, 'sang');
INSERT INTO CaLam VALUES (35, 2025, 2, 5, 'trua');
INSERT INTO CaLam VALUES (36, 2025, 2, 5, 'toi');
INSERT INTO CaLam VALUES (37, 2025, 2, 6, 'sang');
INSERT INTO CaLam VALUES (38, 2025, 2, 6, 'trua');
INSERT INTO CaLam VALUES (39, 2025, 2, 6, 'toi');
INSERT INTO CaLam VALUES (40, 2025, 2, 7, 'sang');
INSERT INTO CaLam VALUES (41, 2025, 2, 7, 'trua');
INSERT INTO CaLam VALUES (42, 2025, 2, 7, 'toi');
INSERT INTO CaLam VALUES (43, 2025, 3, 1, 'sang');
INSERT INTO CaLam VALUES (44, 2025, 3, 1, 'trua');
INSERT INTO CaLam VALUES (45, 2025, 3, 1, 'toi');
INSERT INTO CaLam VALUES (46, 2025, 3, 2, 'sang');
INSERT INTO CaLam VALUES (47, 2025, 3, 2, 'trua');
INSERT INTO CaLam VALUES (48, 2025, 3, 2, 'toi');
INSERT INTO CaLam VALUES (49, 2025, 3, 3, 'sang');
INSERT INTO CaLam VALUES (50, 2025, 3, 3, 'trua');
INSERT INTO CaLam VALUES (51, 2025, 3, 3, 'toi');
INSERT INTO CaLam VALUES (52, 2025, 3, 4, 'sang');
INSERT INTO CaLam VALUES (53, 2025, 3, 4, 'trua');
INSERT INTO CaLam VALUES (54, 2025, 3, 4, 'toi');
INSERT INTO CaLam VALUES (55, 2025, 3, 5, 'sang');
INSERT INTO CaLam VALUES (56, 2025, 3, 5, 'trua');
INSERT INTO CaLam VALUES (57, 2025, 3, 5, 'toi');
INSERT INTO CaLam VALUES (58, 2025, 3, 6, 'sang');
INSERT INTO CaLam VALUES (59, 2025, 3, 6, 'trua');
INSERT INTO CaLam VALUES (60, 2025, 3, 6, 'toi');
INSERT INTO CaLam VALUES (61, 2025, 3, 7, 'sang');
INSERT INTO CaLam VALUES (62, 2025, 3, 7, 'trua');
INSERT INTO CaLam VALUES (63, 2025, 3, 7, 'toi');
INSERT INTO CaLam VALUES (64, 2025, 4, 1, 'sang');
INSERT INTO CaLam VALUES (65, 2025, 4, 1, 'trua');
INSERT INTO CaLam VALUES (66, 2025, 4, 1, 'toi');
INSERT INTO CaLam VALUES (67, 2025, 4, 2, 'sang');
INSERT INTO CaLam VALUES (68, 2025, 4, 2, 'trua');
INSERT INTO CaLam VALUES (69, 2025, 4, 2, 'toi');
INSERT INTO CaLam VALUES (70, 2025, 4, 3, 'sang');
INSERT INTO CaLam VALUES (71, 2025, 4, 3, 'trua');
INSERT INTO CaLam VALUES (72, 2025, 4, 3, 'toi');
INSERT INTO CaLam VALUES (73, 2025, 4, 4, 'sang');
INSERT INTO CaLam VALUES (74, 2025, 4, 4, 'trua');
INSERT INTO CaLam VALUES (75, 2025, 4, 4, 'toi');
INSERT INTO CaLam VALUES (76, 2025, 4, 5, 'sang');
INSERT INTO CaLam VALUES (77, 2025, 4, 5, 'trua');
INSERT INTO CaLam VALUES (78, 2025, 4, 5, 'toi');
INSERT INTO CaLam VALUES (79, 2025, 4, 6, 'sang');
INSERT INTO CaLam VALUES (80, 2025, 4, 6, 'trua');
INSERT INTO CaLam VALUES (81, 2025, 4, 6, 'toi');
INSERT INTO CaLam VALUES (82, 2025, 4, 7, 'sang');
INSERT INTO CaLam VALUES (83, 2025, 4, 7, 'trua');
INSERT INTO CaLam VALUES (84, 2025, 4, 7, 'toi');
INSERT INTO CaLam VALUES (85, 2025, 5, 1, 'sang');
INSERT INTO CaLam VALUES (86, 2025, 5, 1, 'trua');
INSERT INTO CaLam VALUES (87, 2025, 5, 1, 'toi');
INSERT INTO CaLam VALUES (88, 2025, 5, 2, 'sang');
INSERT INTO CaLam VALUES (89, 2025, 5, 2, 'trua');
INSERT INTO CaLam VALUES (90, 2025, 5, 2, 'toi');
INSERT INTO CaLam VALUES (91, 2025, 5, 3, 'sang');
INSERT INTO CaLam VALUES (92, 2025, 5, 3, 'trua');
INSERT INTO CaLam VALUES (93, 2025, 5, 3, 'toi');
INSERT INTO CaLam VALUES (94, 2025, 5, 4, 'sang');
INSERT INTO CaLam VALUES (95, 2025, 5, 4, 'trua');
INSERT INTO CaLam VALUES (96, 2025, 5, 4, 'toi');
INSERT INTO CaLam VALUES (97, 2025, 5, 5, 'sang');
INSERT INTO CaLam VALUES (98, 2025, 5, 5, 'trua');
INSERT INTO CaLam VALUES (99, 2025, 5, 5, 'toi');
INSERT INTO CaLam VALUES (100, 2025, 5, 6, 'sang');
INSERT INTO CaLam VALUES (101, 2025, 5, 6, 'trua');
INSERT INTO CaLam VALUES (102, 2025, 5, 6, 'toi');
INSERT INTO CaLam VALUES (103, 2025, 5, 7, 'sang');
INSERT INTO CaLam VALUES (104, 2025, 5, 7, 'trua');
INSERT INTO CaLam VALUES (105, 2025, 5, 7, 'toi');
INSERT INTO CaLam VALUES (106, 2025, 6, 1, 'sang');
INSERT INTO CaLam VALUES (107, 2025, 6, 1, 'trua');
INSERT INTO CaLam VALUES (108, 2025, 6, 1, 'toi');
INSERT INTO CaLam VALUES (109, 2025, 6, 2, 'sang');
INSERT INTO CaLam VALUES (110, 2025, 6, 2, 'trua');
INSERT INTO CaLam VALUES (111, 2025, 6, 2, 'toi');
INSERT INTO CaLam VALUES (112, 2025, 6, 3, 'sang');
INSERT INTO CaLam VALUES (113, 2025, 6, 3, 'trua');
INSERT INTO CaLam VALUES (114, 2025, 6, 3, 'toi');
INSERT INTO CaLam VALUES (115, 2025, 6, 4, 'sang');
INSERT INTO CaLam VALUES (116, 2025, 6, 4, 'trua');
INSERT INTO CaLam VALUES (117, 2025, 6, 4, 'toi');
INSERT INTO CaLam VALUES (118, 2025, 6, 5, 'sang');
INSERT INTO CaLam VALUES (119, 2025, 6, 5, 'trua');

INSERT INTO ChiaTheo VALUES (75, 2, '2024/12/12');
INSERT INTO ChiaTheo VALUES (75, 3, '2024/12/12');
INSERT INTO ChiaTheo VALUES (75, 6, '2024/12/12');
INSERT INTO ChiaTheo VALUES (75, 7, '2024/12/12');
INSERT INTO ChiaTheo VALUES (75, 8, '2024/12/12');
INSERT INTO ChiaTheo VALUES (75, 9, '2024/12/12');
INSERT INTO ChiaTheo VALUES (75, 12, '2024/12/12');
INSERT INTO ChiaTheo VALUES (75, 14, '2024/12/12');
INSERT INTO ChiaTheo VALUES (75, 15, '2024/12/12');
INSERT INTO ChiaTheo VALUES (75, 17, '2024/12/12');
INSERT INTO ChiaTheo VALUES (75, 18, '2024/12/12');

INSERT INTO NhanVienKiemKho VALUES (10);
INSERT INTO NhanVienKiemKho VALUES (11);
INSERT INTO NhanVienKiemKho VALUES (12);
INSERT INTO NhanVienKiemKho VALUES (13);
INSERT INTO NhanVienKiemKho VALUES (14);
INSERT INTO NhanVienKiemKho VALUES (15);
INSERT INTO NhanVienKiemKho VALUES (16);
INSERT INTO NhanVienKiemKho VALUES (17);
INSERT INTO NhanVienKiemKho VALUES (18);
INSERT INTO NhanVienKiemKho VALUES (19);
INSERT INTO NhanVienKiemKho VALUES (20);
INSERT INTO NhanVienKiemKho VALUES (21);
INSERT INTO NhanVienKiemKho VALUES (22);
INSERT INTO NhanVienKiemKho VALUES (23);
INSERT INTO NhanVienKiemKho VALUES (24);
INSERT INTO NhanVienKiemKho VALUES (25);


INSERT INTO NhanVienBep VALUES (66, 'Bếp làm bột pizza', 6, 'Chứng chỉ làm bột pizza');
INSERT INTO NhanVienBep VALUES (67, 'Bếp nướng pizza', 8, 'Chứng chỉ nướng pizza chuyên nghiệp');
INSERT INTO NhanVienBep VALUES (68, 'Bếp topping pizza', 5, 'Chứng chỉ trang trí pizza');
INSERT INTO NhanVienBep VALUES (69, 'Bếp nướng steak', 10, 'Chứng chỉ nướng steak');
INSERT INTO NhanVienBep VALUES (70, 'Bếp chế biến thịt bò', 7, 'Chứng chỉ chế biến thịt bò');
INSERT INTO NhanVienBep VALUES (71, 'Bếp sốt cho steak', 4.5, 'Chứng chỉ làm sốt steak');
INSERT INTO NhanVienBep VALUES (72, 'Bếp trang trí món ăn', 3, 'Chứng chỉ trang trí món ăn');
INSERT INTO NhanVienBep VALUES (73, 'Bếp pizza sáng tạo', 9, 'Chứng chỉ sáng tạo pizza');
INSERT INTO NhanVienBep VALUES (74, 'Bếp steak gia truyền', 11, 'Chứng chỉ bếp steak gia truyền');

INSERT INTO PhucVu VALUES (75, 'Nhân viên phục vụ');
INSERT INTO PhucVu VALUES (76, 'Quản lý nhà hàng');
INSERT INTO PhucVu VALUES (77, 'Nhân viên pha chế');
INSERT INTO PhucVu VALUES (78, 'Nhân viên lễ tân');
INSERT INTO PhucVu VALUES (79, 'Nhân viên tiếp thị');
INSERT INTO PhucVu VALUES (80, 'Nhân viên giao hàng');
INSERT INTO PhucVu VALUES (81, 'Nhân viên dọn dẹp');
INSERT INTO PhucVu VALUES (82, 'Quản lý sự kiện');
INSERT INTO PhucVu VALUES (83, 'Nhân viên chăm sóc khách hàng');
INSERT INTO PhucVu VALUES (84, 'Nhân viên bán hàng');
INSERT INTO PhucVu VALUES (85, 'Nhân viên bảo trì');
INSERT INTO PhucVu VALUES (86, 'Nhân viên phục vụ tiệc');
INSERT INTO PhucVu VALUES (87, 'Nhân viên hỗ trợ kỹ thuật');
INSERT INTO PhucVu VALUES (88, 'Nhân viên phục vụ bàn');
INSERT INTO PhucVu VALUES (89, 'Nhân viên kiểm soát chất lượng');
INSERT INTO PhucVu VALUES (90, 'Nhân viên phục vụ buffet');
INSERT INTO PhucVu VALUES (91, 'Nhân viên quản lý kho');
INSERT INTO PhucVu VALUES (92, 'Nhân viên tư vấn thực đơn');
INSERT INTO PhucVu VALUES (93, 'Nhân viên hướng dẫn khách hàng');
INSERT INTO PhucVu VALUES (94, 'Nhân viên phục vụ đồ uống');

INSERT INTO QuanLy VALUES (1, 1, '2024/12/12');
INSERT INTO QuanLy VALUES (2, 10, '2024/12/12');
INSERT INTO QuanLy VALUES (3, 26, '2024/12/12');
INSERT INTO QuanLy VALUES (4, 40, '2024/12/12');
INSERT INTO QuanLy VALUES (5, 49, '2024/12/12');
INSERT INTO QuanLy VALUES (6, 60, '2024/12/12');
INSERT INTO QuanLy VALUES (7, 66, '2024/12/12');
INSERT INTO QuanLy VALUES (8, 12, '2024/12/12');
INSERT INTO QuanLy VALUES (9, 95, '2024/12/12');

INSERT INTO NhaCungCap VALUES ('Masan Group', 18, 'Đường số 1', 'Phường 1', 'Quận 1', 'TP.HCM');
INSERT INTO NhaCungCap VALUES ('Công ty Cổ phần Đường Biên Hòa', 250, 'Đường Trần Hưng Đạo', 'Phường 2', 'Quận 3', 'TP.HCM');
INSERT INTO NhaCungCap VALUES ('Công ty TNHH Muối Việt Nam', 78, 'Đường Nguyễn Văn Cừ', 'Phường 3', 'Quận 4', 'TP.HCM');
INSERT INTO NhaCungCap VALUES ('Công ty TNHH Thực phẩm Á Châu', 122, 'Đường Lê Lai', 'Phường 4', 'Quận 5', 'TP.HCM');
INSERT INTO NhaCungCap VALUES ('Công ty CP Vĩnh Hoàn', 56, 'Đường Phan Văn Trị', 'Phường 5', 'Quận 6', 'TP.HCM');
INSERT INTO NhaCungCap VALUES ('Công ty Sữa Việt Nam (Vinamilk)', 345, 'Đường Hoàng Văn Thụ', 'Phường 6', 'Quận 7', 'TP.HCM');
INSERT INTO NhaCungCap VALUES ('Công ty TNHH FrieslandCampina Việt Nam', 90, 'Đường Phố Huế', 'Phường 7', 'Quận 8', 'TP.HCM');
INSERT INTO NhaCungCap VALUES ('Công ty TNHH Thực phẩm Sạch Hữu Nghị', 15, 'Đường Nguyễn Thái Bình', 'Phường 8', 'Quận 9', 'TP.HCM');
INSERT INTO NhaCungCap VALUES ('Công ty CP Gà Việt', 44, 'Đường Lê Văn Sỹ', 'Phường 9', 'Quận 10', 'TP.HCM');
INSERT INTO NhaCungCap VALUES ('Công ty TNHH Thủy sản Hùng Vương', 32, 'Đường Trường Chinh', 'Phường 10', 'Quận 11', 'TP.HCM');
INSERT INTO NhaCungCap VALUES ('Công ty TNHH Green Path', 27, 'Đường Nguyễn Thị Minh Khai', 'Phường 11', 'Quận 12', 'TP.HCM');
INSERT INTO NhaCungCap VALUES ('Công ty TNHH Nấm Đông Dương', 88, 'Đường Nguyễn Trãi', 'Phường 12', 'Quận Tân Bình', 'TP.HCM');
INSERT INTO NhaCungCap VALUES ('Công ty TNHH Thực phẩm sạch BigGreen', 10, 'Đường Trần Quốc Toản', 'Phường 13', 'Quận Tân Phú', 'TP.HCM');
INSERT INTO NhaCungCap VALUES ('Công ty TNHH Nông sản sạch Việt', 66, 'Đường Võ Thị Sáu', 'Phường 14', 'Quận Gò Vấp', 'TP.HCM');
INSERT INTO NhaCungCap VALUES ('Công ty TNHH Thực phẩm Hữu cơ Việt Nam', 99, 'Đường Đinh Tiên Hoàng', 'Phường 15', 'Quận Bình Thạnh', 'TP.HCM');
INSERT INTO NhaCungCap VALUES ('Công ty TNHH Bột ngô Vinasoy', 11, 'Đường Lê Hồng Phong', 'Phường 16', 'Quận 1', 'TP.HCM');
INSERT INTO NhaCungCap VALUES ('Công ty TNHH Chế biến thực phẩm Hảo Hảo', 5, 'Đường Tôn Đức Thắng', 'Phường 17', 'Quận 2', 'TP.HCM');
INSERT INTO NhaCungCap VALUES ('Công ty TNHH Mì Hảo Hảo', 34, 'Đường Nguyễn Thị Định', 'Phường 18', 'Quận 3', 'TP.HCM');
INSERT INTO NhaCungCap VALUES ('Công ty TNHH Gia vị Việt Nam', 22, 'Đường Phạm Hữu Lầu', 'Phường 19', 'Quận 4', 'TP.HCM');
INSERT INTO NhaCungCap VALUES ('Công ty TNHH Ngũ cốc Quaker', 4, 'Đường Nguyễn Văn Linh', 'Phường 20', 'Quận 5', 'TP.HCM');
INSERT INTO NhaCungCap VALUES ('Công ty TNHH Thực phẩm nhập khẩu Gourmet', 17, 'Đường Lê Quý Đôn', 'Phường 21', 'Quận 6', 'TP.HCM');

INSERT INTO NCC_SDT VALUES (1, 123456789);
INSERT INTO NCC_SDT VALUES (1, 987654321);
INSERT INTO NCC_SDT VALUES (2, 234567890);
INSERT INTO NCC_SDT VALUES (2, 123456780);
INSERT INTO NCC_SDT VALUES (3, 345678901);
INSERT INTO NCC_SDT VALUES (4, 456789012);
INSERT INTO NCC_SDT VALUES (5, 567890123);
INSERT INTO NCC_SDT VALUES (6, 678901234);
INSERT INTO NCC_SDT VALUES (7, 789012345);
INSERT INTO NCC_SDT VALUES (8, 890123456);



INSERT INTO KhachHang VALUES (1, 'Lê Minh Tuấn', 'M', 123456789, 123, 'Lê Lai', 'Phường 1', 'Quận 1', 'TP Hồ Chí Minh', 'Ca nhan', '1985-05-15', 123456789012);
INSERT INTO KhachHang VALUES (2, 'Trần Thanh Tâm', 'F', 987654321, 456, 'Nguyễn Văn Cừ', 'Phường 2', 'Quận 3', 'TP Hồ Chí Minh', 'Ca nhan', '1990-08-20', 234567890123);
INSERT INTO KhachHang VALUES (3, 'Nguyễn Quốc Bảo', 'M', 234567890, 789, 'Hoàng Sa', 'Phường 3', 'Quận 5', 'TP Hồ Chí Minh', 'Ca nhan', '1988-03-10', 345678901234);
INSERT INTO KhachHang VALUES (4, 'Đỗ Minh Hưng', 'F', 345678901, 101, 'Trường Sa', 'Phường 4', 'Quận 7', 'TP Hồ Chí Minh', 'Ca nhan', '1995-12-25', 456789012345);
INSERT INTO KhachHang VALUES (5, 'Phạm Minh Khoa', 'M', 456789012, 202, 'Lê Duẫn', 'Phường 5', 'Quận 8', 'TP Hồ Chí Minh', 'Ca nhan', '1992-11-11', 567890123456);
INSERT INTO KhachHang VALUES (6, 'Nguyễn Thiện Nhân', 'F', 567890123, 303, 'Bùi Thị Xuân', 'Phường 6', 'Quận 10', 'TP Hồ Chí Minh', 'Ca nhan', '1980-01-01', 678901234567);
INSERT INTO KhachHang VALUES (7, 'Trần Hữu Nghĩa', 'M', 678901234, 404, 'Nguyễn Huệ', 'Phường 7', 'Quận 11', 'TP Hồ Chí Minh', 'Ca nhan', '1991-07-15', 789012345678);
INSERT INTO KhachHang VALUES (8, 'Lê Đình Phú', 'F', 789012345, 505, 'Nguyễn Thái Học', 'Phường 8', 'Quận 12', 'TP Hồ Chí Minh', 'Ca nhan', '1993-02-28', 890123456789);
INSERT INTO KhachHang VALUES (9, 'Nguyễn Minh Nhật', 'M', 890123456, 606, 'Hoàng Minh', 'Phường 9', 'Quận 13', 'TP Hồ Chí Minh', 'Ca nhan', '1987-09-05', 901234567890);
INSERT INTO KhachHang VALUES (10, 'Đặng Ngọc Huy', 'F', 901234567, 707, 'Lê Lợi', 'Phường 10', 'Quận 14', 'TP Hồ Chí Minh', 'Ca nhan', '1994-04-04', 12345678901);

INSERT INTO DonHang VALUES (1, '2024-12-15 0:00:00', 2, 428000, '2024-02-01 10:30:00', 'Chuyển khoản', 'Dang xu ly', 'Không có', 'Khong dat truoc', '2024-12-14', 1, '2024-12-15 0:00:00', '2024-12-15 0:00:00', '');
INSERT INTO DonHang VALUES (2, '2024-12-15 0:00:00', 2, 288000, '2024-02-02 11:45:00', 'Tiền mặt', 'Dang xu ly', 'Không có', 'Khong dat truoc', '2024-12-14', 2, '2024-12-15 0:00:00', '2024-12-15 0:00:00', '');
INSERT INTO DonHang VALUES (3, '2024-12-15 0:00:00', 1, 139000, '2024-02-03 10:00:00', 'Chuyển khoản', 'Dang xu ly', 'Không có', 'Khong dat truoc', '2024-12-14', 3, '2024-12-15 0:00:00', '2024-12-15 0:00:00', '');
INSERT INTO DonHang VALUES (4, '2024-12-15 0:00:00', 2, 356000, '2024-02-04 9:00:00', 'Tiền mặt', 'Dang xu ly', 'Không có', 'Khong dat truoc', '2024-12-14', 4, '2024-12-15 0:00:00', '2024-12-15 0:00:00', '');
INSERT INTO DonHang VALUES (5, '2024-12-15 0:00:00', 1, 199000, '2024-02-05 15:15:00', 'Chuyển khoản', 'Dang xu ly', 'Không có', 'Khong dat truoc', '2024-12-14', 5, '2024-12-15 0:00:00', '2024-12-15 0:00:00', '');
INSERT INTO DonHang VALUES (6, '2024-12-15 0:00:00', 2, 500000, '2024-02-06 17:00:00', 'Tiền mặt', 'Dang xu ly', 'Không có', 'Khong dat truoc', '2024-12-14', 6, '2024-12-15 0:00:00', '2024-12-15 0:00:00', '');
INSERT INTO DonHang VALUES (7, '2024-12-15 0:00:00', 4, 356000, '2024-02-07 12:30:00', 'Chuyển khoản', 'Dang xu ly', 'Không có', 'Khong dat truoc', '2024-12-14', 7, '2024-12-15 0:00:00', '2024-12-15 0:00:00', '');
INSERT INTO DonHang VALUES (8, '2024-12-15 0:00:00', 6, 476000, '2024-02-08 9:30:00', 'Tiền mặt', 'Dang xu ly', 'Không có', 'Khong dat truoc', '2024-12-14', 8, '2024-12-15 0:00:00', '2024-12-15 0:00:00', '');
INSERT INTO DonHang VALUES (9, '2024-12-15 0:00:00', 3, 367000, '2024-02-09 16:00:00', 'Chuyển khoản', 'Dang xu ly', 'Không có', 'Khong dat truoc', '2024-12-14', 9, '2024-12-15 0:00:00', '2024-12-15 0:00:00', '');
INSERT INTO DonHang VALUES (10, '2024-12-15 0:00:00', 4, 429000, '2024-02-10 11:45:00', 'Tiền mặt', 'Dang xu ly', 'Không có', 'Khong dat truoc', '2024-12-14', 10, '2024-12-15 0:00:00', '2024-12-15 0:00:00', '');

INSERT INTO MonAn VALUES (1, 'Pizza Hải Sản', 199000, 'Chinh', 'Pizza với tôm, mực và cá hồi', 'Pizza Hải Sản');
INSERT INTO MonAn VALUES (2, 'Pizza Trứng Muối', 149000, 'Chinh', 'Pizza với trứng muối và phô mai', 'Pizza Trứng Muối');
INSERT INTO MonAn VALUES (3, 'Mì Ý Bolognese', 129000, 'Chinh', 'Mì Ý với sốt Bolognese', 'Mì Ý Bolognese');
INSERT INTO MonAn VALUES (4, 'Bánh Phồng Tôm', 69000, 'Trang mieng', 'Bánh chiên giòn, ăn kèm với sốt', 'Bánh Phồng Tôm');
INSERT INTO MonAn VALUES (5, 'Salad Trái Cây', 89000, 'Trang mieng', 'Salad tươi ngon với trái cây', 'Salad Trái Cây');
INSERT INTO MonAn VALUES (6, 'Nước Chanh Muối', 29000, 'Nuoc', 'Giải khát với chanh muối', 'Nước Chanh Muối');
INSERT INTO MonAn VALUES (7, 'Nước Dừa Tươi', 35000, 'Nuoc', 'Nước dừa tự nhiên, tươi mát', 'Nước Dừa Tươi');
INSERT INTO MonAn VALUES (8, 'Pizza Margherita', 149000, 'Chinh', 'Pizza đơn giản với phô mai và sốt cà chua', 'Pizza Margherita');
INSERT INTO MonAn VALUES (9, 'Mì Ý Carbonara', 139000, 'Chinh', 'Mì Ý với sốt Carbonara béo ngậy', 'Mì Ý Carbonara');
INSERT INTO MonAn VALUES (10, 'Soda Chanh', 25000, 'Nuoc', 'Nước soda chanh giải khát', 'Soda Chanh');
INSERT INTO MonAn VALUES (11, 'Pizza Bò Kho', 178000, 'Chinh', 'Hương vị bò sốt vang truyền thống', 'Pizza Bò Kho');
INSERT INTO MonAn VALUES (12, 'Pizza 4 Cheese', 250000, 'Chinh', 'Quá nhiều phô mai rồi', 'Pizza Cheese');

INSERT INTO DonHangChiTietTheoMon VALUES (1, 12, 1, 250000, '', '2024-12-14 0:00:00');
INSERT INTO DonHangChiTietTheoMon VALUES (1, 11, 1, 178000, '', '2024-12-14 0:00:00');
INSERT INTO DonHangChiTietTheoMon VALUES (2, 1, 1, 199000, '', '2024-12-14 0:00:00');
INSERT INTO DonHangChiTietTheoMon VALUES (2, 5, 1, 89000, '', '2024-12-14 0:00:00');
INSERT INTO DonHangChiTietTheoMon VALUES (3, 9, 1, 139000, '', '2024-12-14 0:00:00');
INSERT INTO DonHangChiTietTheoMon VALUES (4, 11, 2, 178000, '', '2024-12-14 0:00:00');
INSERT INTO DonHangChiTietTheoMon VALUES (5, 1, 1, 199000, '', '2024-12-14 0:00:00');
INSERT INTO DonHangChiTietTheoMon VALUES (6, 12, 2, 250000, '', '2024-12-14 0:00:00');
INSERT INTO DonHangChiTietTheoMon VALUES (7, 5, 4, 89000, '', '2024-12-14 0:00:00');
INSERT INTO DonHangChiTietTheoMon VALUES (8, 1, 1, 199000, '', '2024-12-14 0:00:00');
INSERT INTO DonHangChiTietTheoMon VALUES (8, 2, 1, 149000, '', '2024-12-14 0:00:00');
INSERT INTO DonHangChiTietTheoMon VALUES (8, 6, 2, 29000, '', '2024-12-14 0:00:00');
INSERT INTO DonHangChiTietTheoMon VALUES (8, 7, 2, 35000, '', '2024-12-14 0:00:00');
INSERT INTO DonHangChiTietTheoMon VALUES (9, 5, 1, 89000, '', '2024-12-14 0:00:00');
INSERT INTO DonHangChiTietTheoMon VALUES (9, 9, 2, 139000, '', '2024-12-14 0:00:00');
INSERT INTO DonHangChiTietTheoMon VALUES (10, 3, 1, 129000, '', '2024-12-14 0:00:00');
INSERT INTO DonHangChiTietTheoMon VALUES (10, 10, 2, 25000, '', '2024-12-14 0:00:00');
INSERT INTO DonHangChiTietTheoMon VALUES (10, 12, 1, 250000, '', '2024-12-14 0:00:00');

INSERT INTO NguyenLieu VALUES (1, 'Bột mì', 'kg', '2024-01-15', 150);
INSERT INTO NguyenLieu VALUES (2, 'Đường', 'kg', '2024-01-10', 200);
INSERT INTO NguyenLieu VALUES (3, 'Muối', 'kg', '2024-01-12', 50);
INSERT INTO NguyenLieu VALUES (4, 'Dầu ăn', 'lít', '2024-01-20', 100);
INSERT INTO NguyenLieu VALUES (5, 'Trứng', 'quả', '2024-01-05', 300);
INSERT INTO NguyenLieu VALUES (6, 'Sữa', 'lít', '2024-01-18', 80);
INSERT INTO NguyenLieu VALUES (7, 'Phô mai', 'kg', '2024-01-25', 60);
INSERT INTO NguyenLieu VALUES (8, 'Thịt bò', 'kg', '2024-01-22', 40);
INSERT INTO NguyenLieu VALUES (9, 'Thịt gà', 'kg', '2024-01-30', 70);
INSERT INTO NguyenLieu VALUES (10, 'Cá', 'kg', '2024-01-28', 30);
INSERT INTO NguyenLieu VALUES (11, 'Rau xanh', 'kg', '2024-01-17', 90);
INSERT INTO NguyenLieu VALUES (12, 'Nấm', 'kg', '2024-01-14', 20);
INSERT INTO NguyenLieu VALUES (13, 'Hành tây', 'kg', '2024-01-19', 50);
INSERT INTO NguyenLieu VALUES (14, 'Tỏi', 'kg', '2024-01-16', 25);
INSERT INTO NguyenLieu VALUES (15, 'Ớt', 'kg', '2024-01-26', 15);
INSERT INTO NguyenLieu VALUES (16, 'Bột ngô', 'kg', '2024-01-23', 80);
INSERT INTO NguyenLieu VALUES (17, 'Nước tương', 'lít', '2024-01-27', 40);
INSERT INTO NguyenLieu VALUES (18, 'Mì', 'kg', '2024-01-11', 60);
INSERT INTO NguyenLieu VALUES (19, 'Hạt nêm', 'kg', '2024-01-29', 45);
INSERT INTO NguyenLieu VALUES (20, 'Ngũ cốc', 'kg', '2024-01-13', 100);
INSERT INTO NguyenLieu VALUES (21, 'Mozzarella', 'kg', '2024-02-01', 100);
INSERT INTO NguyenLieu VALUES (22, 'Parmesan', 'kg', '2024-02-02', 50);
INSERT INTO NguyenLieu VALUES (23, 'Gorgonzola', 'kg', '2024-02-03', 30);
INSERT INTO NguyenLieu VALUES (24, 'Cheddar', 'kg', '2024-02-04', 70);
INSERT INTO NguyenLieu VALUES (25, 'Feta', 'kg', '2024-02-05', 40);
INSERT INTO NguyenLieu VALUES (26, 'Sốt cà chua', 'lít', '2024-02-06', 80);
INSERT INTO NguyenLieu VALUES (27, 'Sốt pesto', 'lít', '2024-02-07', 60);
INSERT INTO NguyenLieu VALUES (28, 'Sốt BBQ', 'lít', '2024-02-08', 45);
INSERT INTO NguyenLieu VALUES (29, 'Sốt tiêu đen', 'lít', '2024-02-09', 35);
INSERT INTO NguyenLieu VALUES (30, 'Sốt nấm', 'lít', '2024-02-10', 25);

INSERT INTO CongThuc VALUES ('Pizza Hải Sản', 'Pizza được chế biến từ bột mì, sốt cà chua, phô mai, và các loại hải sản tươi ngon như tôm, mực, cá hồi.');
INSERT INTO CongThuc VALUES ('Pizza Trứng Muối', 'Pizza đặc biệt với lớp trứng muối béo ngậy, phô mai, và thêm các loại rau củ.');
INSERT INTO CongThuc VALUES ('Mì Ý Bolognese', 'Mì Ý với sốt Bolognese làm từ thịt bò xay, cà chua và các gia vị truyền thống.');
INSERT INTO CongThuc VALUES ('Bánh Phồng Tôm', 'Bánh làm từ bột tôm, chiên giòn, ăn kèm với sốt chua ngọt.');
INSERT INTO CongThuc VALUES ('Salad Trái Cây', 'Salad tươi ngon với nhiều loại trái cây như dưa hấu, xoài, kiwi, và nước sốt mật ong.');
INSERT INTO CongThuc VALUES ('Nước Chanh Muối', 'Nước giải khát chua mặn, được làm từ nước chanh tươi, muối và đường.');
INSERT INTO CongThuc VALUES ('Nước Dừa Tươi', 'Nước dừa tự nhiên, mang lại cảm giác tươi mát và bổ dưỡng.');
INSERT INTO CongThuc VALUES ('Pizza Margherita', 'Pizza truyền thống của Ý với lớp sốt cà chua, phô mai mozzarella và lá basil tươi.');
INSERT INTO CongThuc VALUES ('Mì Ý Carbonara', 'Mì Ý với sốt carbonara béo ngậy từ lòng đỏ trứng, phô mai và thịt xông khói.');
INSERT INTO CongThuc VALUES ('Soda Chanh', 'Nước soda chanh giải khát, kết hợp giữa soda và nước chanh tươi, rất thích hợp cho mùa hè.');

INSERT INTO CongThucGomCo VALUES (1, 'Pizza Hải Sản', 0.2);
INSERT INTO CongThucGomCo VALUES (3, 'Pizza Hải Sản', 0.02);
INSERT INTO CongThucGomCo VALUES (4, 'Pizza Hải Sản', 0.005);
INSERT INTO CongThucGomCo VALUES (10, 'Pizza Hải Sản', 0.1);
INSERT INTO CongThucGomCo VALUES (12, 'Pizza Hải Sản', 0.05);
INSERT INTO CongThucGomCo VALUES (13, 'Pizza Hải Sản', 0.035);
INSERT INTO CongThucGomCo VALUES (14, 'Pizza Hải Sản', 0.0025);
INSERT INTO CongThucGomCo VALUES (15, 'Pizza Hải Sản', 0.0025);
INSERT INTO CongThucGomCo VALUES (1, 'Pizza Trứng Muối', 0.2);
INSERT INTO CongThucGomCo VALUES (3, 'Pizza Trứng Muối', 0.02);
INSERT INTO CongThucGomCo VALUES (4, 'Pizza Trứng Muối', 0.005);
INSERT INTO CongThucGomCo VALUES (5, 'Pizza Trứng Muối', 3);
INSERT INTO CongThucGomCo VALUES (12, 'Pizza Trứng Muối', 0.05);
INSERT INTO CongThucGomCo VALUES (13, 'Pizza Trứng Muối', 0.035);
INSERT INTO CongThucGomCo VALUES (14, 'Pizza Trứng Muối', 0.0025);
INSERT INTO CongThucGomCo VALUES (15, 'Pizza Trứng Muối', 0.0025);

INSERT INTO CungCap VALUES (1, 'Masan Group', 24, 100, 90, '2024-02-01 8:30:00', 'Thiếu hụt do giao hàng chậm');
INSERT INTO CungCap VALUES (2, 'Công ty Cổ phần Đường Biên Hòa', 25, 200, 200, '2024-02-02 9:00:00', 'Không có sai lệch');
INSERT INTO CungCap VALUES (3, 'Công ty TNHH Muối Việt Nam', 16, 150, 140, '2024-02-03 10:15:00', 'Sai số lượng ghi nhận');
INSERT INTO CungCap VALUES (4, 'Công ty TNHH Thực phẩm Á Châu', 17, 80, 75, '2024-02-04 11:00:00', 'Giao thiếu');
INSERT INTO CungCap VALUES (5, 'Công ty CP Vĩnh Hoàn', 18, 60, 60, '2024-02-05 14:45:00', 'Không có sai lệch');
INSERT INTO CungCap VALUES (6, 'Công ty Sữa Việt Nam (Vinamilk)', 19, 90, 85, '2024-02-06 15:30:00', 'Sai số lượng');
INSERT INTO CungCap VALUES (7, 'Công ty TNHH FrieslandCampina Việt Nam', 20, 120, 120, '2024-02-07 16:00:00', 'Không có sai lệch');
INSERT INTO CungCap VALUES (8, 'Công ty TNHH Thực phẩm Sạch Hữu Nghị', 21, 75, 70, '2024-02-08 8:00:00', 'Giao thiếu');
INSERT INTO CungCap VALUES (9, 'Công ty CP Gà Việt', 22, 50, 45, '2024-02-09 13:30:00', 'Thiếu hụt');
INSERT INTO CungCap VALUES (10, 'Công ty TNHH Thủy sản Hùng Vương', 23, 30, 30, '2024-02-10 9:45:00', 'Không có sai lệch');
INSERT INTO CungCap VALUES (11, 'Công ty TNHH Green Path', 24, 100, 90, '2024-02-01 8:30:00', 'Thiếu hụt do giao hàng chậm');
INSERT INTO CungCap VALUES (12, 'Công ty TNHH Nấm Đông Dương', 25, 200, 200, '2024-02-02 9:00:00', 'Không có sai lệch');
INSERT INTO CungCap VALUES (13, 'Công ty TNHH Thực phẩm sạch BigGreen', 16, 150, 140, '2024-02-03 10:15:00', 'Sai số lượng ghi nhận');
INSERT INTO CungCap VALUES (14, 'Công ty TNHH Nông sản sạch Việt', 17, 80, 75, '2024-02-04 11:00:00', 'Giao thiếu');
INSERT INTO CungCap VALUES (15, 'Công ty TNHH Thực phẩm Hữu cơ Việt Nam', 18, 60, 60, '2024-02-05 14:45:00', 'Không có sai lệch');
INSERT INTO CungCap VALUES (16, 'Công ty TNHH Bột ngô Vinasoy', 19, 90, 85, '2024-02-06 15:30:00', 'Sai số lượng');
INSERT INTO CungCap VALUES (17, 'Công ty TNHH Chế biến thực phẩm Hảo Hảo', 20, 120, 120, '2024-02-07 16:00:00', 'Không có sai lệch');
INSERT INTO CungCap VALUES (18, 'Công ty TNHH Mì Hảo Hảo', 21, 75, 70, '2024-02-08 8:00:00', 'Giao thiếu');
INSERT INTO CungCap VALUES (19, 'Công ty TNHH Gia vị Việt Nam', 22, 50, 45, '2024-02-09 13:30:00', 'Thiếu hụt');
INSERT INTO CungCap VALUES (20, 'Công ty TNHH Ngũ cốc Quaker', 23, 30, 30, '2024-02-10 9:45:00', 'Không có sai lệch');
INSERT INTO CungCap VALUES (21, 'Công ty TNHH Thực phẩm nhập khẩu Gourmet', 24, 100, 90, '2024-02-01 8:30:00', 'Thiếu hụt do giao hàng chậm');
INSERT INTO CungCap VALUES (22, 'Công ty TNHH Thực phẩm nhập khẩu Gourmet', 25, 200, 200, '2024-02-02 9:00:00', 'Không có sai lệch');
INSERT INTO CungCap VALUES (23, 'Công ty TNHH Thực phẩm nhập khẩu Gourmet', 16, 150, 140, '2024-02-03 10:15:00', 'Sai số lượng ghi nhận');
INSERT INTO CungCap VALUES (24, 'Công ty TNHH Thực phẩm nhập khẩu Gourmet', 17, 80, 75, '2024-02-04 11:00:00', 'Giao thiếu');
INSERT INTO CungCap VALUES (25, 'Công ty TNHH Thực phẩm nhập khẩu Gourmet', 18, 60, 60, '2024-02-05 14:45:00', 'Không có sai lệch');
INSERT INTO CungCap VALUES (26, 'Công ty TNHH Chế biến thực phẩm Hảo Hảo', 19, 90, 85, '2024-02-06 15:30:00', 'Sai số lượng');
INSERT INTO CungCap VALUES (27, 'Công ty TNHH Thực phẩm nhập khẩu Gourmet', 20, 120, 120, '2024-02-07 16:00:00', 'Không có sai lệch');
INSERT INTO CungCap VALUES (28, 'Công ty TNHH Chế biến thực phẩm Hảo Hảo', 21, 75, 70, '2024-02-08 8:00:00', 'Giao thiếu');
INSERT INTO CungCap VALUES (29, 'Công ty TNHH Chế biến thực phẩm Hảo Hảo', 22, 50, 45, '2024-02-09 13:30:00', 'Thiếu hụt');
INSERT INTO CungCap VALUES (30, 'Công ty TNHH Thực phẩm nhập khẩu Gourmet', 23, 30, 30, '2024-02-10 9:45:00', 'Không có sai lệch');



INSERT INTO KhuVuc VALUES ('KV01', 'Lầu 1');
INSERT INTO KhuVuc VALUES ('KV02', 'Lầu 2');
INSERT INTO KhuVuc VALUES ('KV03', 'Lầu 3');
INSERT INTO KhuVuc VALUES ('KV04', 'Lầu 4');

INSERT INTO Ban VALUES ('KV001', 1, 4);
INSERT INTO Ban VALUES ('KV001', 2, 2);
INSERT INTO Ban VALUES ('KV001', 3, 8);
INSERT INTO Ban VALUES ('KV001', 4, 4);
INSERT INTO Ban VALUES ('KV001', 5, 2);
INSERT INTO Ban VALUES ('KV001', 6, 4);
INSERT INTO Ban VALUES ('KV002', 1, 4);
INSERT INTO Ban VALUES ('KV003', 1, 2);
INSERT INTO Ban VALUES ('KV004', 1, 2);
INSERT INTO Ban VALUES ('KV002', 2, 4);
INSERT INTO Ban VALUES ('KV003', 2, 2);
INSERT INTO Ban VALUES ('KV004', 2, 4);
INSERT INTO Ban VALUES ('KV002', 3, 2);
INSERT INTO Ban VALUES ('KV003', 3, 4);
INSERT INTO Ban VALUES ('KV004', 3, 2);

INSERT INTO NoiPhucVu  VALUES (1, 'KV001', 1);
INSERT INTO NoiPhucVu  VALUES (2, 'KV002', 2);
INSERT INTO NoiPhucVu  VALUES (3, 'KV003', 3);
INSERT INTO NoiPhucVu  VALUES (4, 'KV004', 1);
INSERT INTO NoiPhucVu  VALUES (5, 'KV001', 2);
INSERT INTO NoiPhucVu  VALUES (6, 'KV002', 3);
INSERT INTO NoiPhucVu  VALUES (7, 'KV003', 3);
INSERT INTO NoiPhucVu  VALUES (8, 'KV004', 2);
INSERT INTO NoiPhucVu  VALUES (9, 'KV001', 1);
INSERT INTO NoiPhucVu  VALUES (10, 'KV002', 1);

INSERT INTO ThucThi VALUES (1, 12, 66, 76, '2024-02-01 10:00:00', '2024-02-01 10:30:00', 'Hoàn thành');
INSERT INTO ThucThi VALUES (1, 11, 67, 76, '2024-02-01 10:05:00', '2024-02-01 10:35:00', 'Hoàn thành');
INSERT INTO ThucThi VALUES (2, 1, 68, 78, '2024-02-02 11:00:00', '2024-02-02 11:45:00', 'Hoàn thành');
INSERT INTO ThucThi VALUES (2, 5, 69, 78, '2024-02-02 11:10:00', '2024-02-02 11:50:00', 'Hoàn thành');
INSERT INTO ThucThi VALUES (3, 9, 70, 80, '2024-02-03 9:30:00', '2024-02-03 10:00:00', 'Hoàn thành');
INSERT INTO ThucThi VALUES (4, 11, 71, 81, '2024-02-04 8:15:00', '2024-02-04 9:00:00', 'Hoàn thành');
INSERT INTO ThucThi VALUES (5, 1, 72, 82, '2024-02-05 14:45:00', '2024-02-05 15:15:00', 'Hoàn thành');
INSERT INTO ThucThi VALUES (6, 12, 73, 83, '2024-02-06 16:30:00', '2024-02-06 17:00:00', 'Hoàn thành');
INSERT INTO ThucThi VALUES (7, 5, 74, 84, '2024-02-07 12:00:00', '2024-02-07 12:30:00', 'Hoàn thành');
INSERT INTO ThucThi VALUES (8, 1, 66, 85, '2024-02-08 9:00:00', '2024-02-08 9:30:00', 'Hoàn thành');
INSERT INTO ThucThi VALUES (8, 2, 67, 85, '2024-02-03 9:30:00', '2024-02-03 10:00:00', 'Hoàn thành');
INSERT INTO ThucThi VALUES (8, 6, 68, 85, '2024-02-04 8:15:00', '2024-02-04 9:00:00', 'Hoàn thành');
INSERT INTO ThucThi VALUES (8, 7, 69, 85, '2024-02-05 14:45:00', '2024-02-05 15:15:00', 'Hoàn thành');
INSERT INTO ThucThi VALUES (9, 5, 70, 89, '2024-02-06 16:30:00', '2024-02-06 17:00:00', 'Hoàn thành');
INSERT INTO ThucThi VALUES (9, 9, 71, 89, '2024-02-07 12:00:00', '2024-02-07 12:30:00', 'Hoàn thành');
INSERT INTO ThucThi VALUES (10, 3, 72, 90, '2024-02-08 9:00:00', '2024-02-08 9:30:00', 'Hoàn thành');
INSERT INTO ThucThi VALUES (10, 10, 73, 90, '2024-02-01 10:00:00', '2024-02-01 10:30:00', 'Hoàn thành');
INSERT INTO ThucThi VALUES (10, 12, 74, 90, '2024-02-01 10:05:00', '2024-02-01 10:35:00', 'Hoàn thành');